indicateur,valeur
CONSEIL_POUR_MV,1097
CONSEIL_REPECHAGE,5
CONSEIL_retire_doublon_entreprise,18
CONSEIL_retire_hors_zone,2
CONSEIL_retire_secteur_hors_cible,735
CONSEIL_retire_verticale_brulee,8
CONSEIL_sans_email_verifie,5
TECH_POUR_MV,1559
TECH_REPECHAGE,3
TECH_retire_doublon_entreprise,38
TECH_retire_prenom_invalide,1
TECH_retire_secteur_hors_cible,133
TECH_retire_suisse_hors_romandie,1
TECH_retire_verticale_brulee,11
TECH_sans_email_verifie,3
TOTAL_POUR_MV,2656
credits_consommes_enrichissement,3611
fiches_enrichies,3611
